codigo;entidad;tipo
;AUTORIDAD NACIONAL DEL AGUA;
;TELECABLE CHICLIN DEL VALLE S.A.C.;superficies
;GERENCIA REGIONAL DE EDUCACIÓN;
;DIRECCION REGIONAL DE TRANSPORTES Y COMUNICACIONES - PIURA;superficies
;SUPERCABLE - TV NOR COMUNICACIONES S.A.C.;superficies
;BITEL - VIETTEL PERÚ S.A.C.;superficies
;CLARO - AMÉRICA MOVIL PERÚ S.A.C.;superficies
;ENTEL PERÚ S.A.;superficies
;MOVISTAR - TELEFÓNICA DEL PERÚ S.A.A.;superficies
INFBR08-048;COLEGIO PARROQUIAL SAN PEDRO CHANEL;edificaciones
INFBR08-008;I.E. INIF N 48 - SULLANA;edificaciones
;MIFIBRA - CALA SERVICIOS INTEGRALES S.A.;superficies
INFBR09-019;OFICINA DESCENTRALIZADA DE PROCESOS ELECTORALES SULLANA;edificaciones
INFBR08-002;CLINICA SANTA ROSA SULLANA S.A.C.;edificaciones
;UNIDAD DE GESTION EDUCATIVA LOCAL- SULLANA;edificaciones
INFBR08-058;EMPRESA DE TRANSPORTES FLORES HNOS S.R.L;edificaciones
;GERENCIA SUB REGIONAL LUCIANO CASTILLO CORONNA;superficies
INFBR10-031;TIENDAS MASS - COMPAÑIA HARD DISCOUNT S.A.C.;edificaciones
INFBR08-052 INFBR08-054;JUVECO DE URBANIZACIÓN LOPEZ ALBUJAR - I ETAPA;edificaciones
INFBR08-090;HOTEL LEO'S - JALS SERVICIOS GENERALES J.L.S E.I.R.L.;edificaciones
INFBR08-097;QUEEN BURGER THE ONLY S.A.C.;edificaciones
INFBR09-003;CENTRO DE ESPARCIMIENTO Y CANCHAS DEPORTIVAS EL BOSQUE;edificaciones
INFBR09-011;MISION DE IGLESIAS EVANGELICAS SEGADORAS ( M.I.E.S.);edificaciones
INFBR09-014;HOSPEDAJE PALMERAS BEACH - BRENDA ALESSANDRA LIRA QUEZADA;edificaciones
;ASOCIACION SEÑOR DE LOS MILAGROS;superficies
INFBR06-614;COMISION DE USUARIOS DEL SUBSECTOR HIDRAULICO MARGEN IZQUIERDA;ambas
;COMISION DE USUARIOS DEL SUB SECTOR HIDRAULICO CIENEGUILLO;superficies
;DIRECCION REGIONAL DE ENERGIA Y MINAS PIURA (DREM PIURA);
;ENOSA - ELECTRONOROESTE S.A.;superficies
;EPS GRAU - ENTIDAD PRESTADORA DE SERVICIOS DE SANEAMIENTO GRAU S.A.;superficies
;QUAVII - GASES DEL PACIFICO S.A.C.;superficies
INFBR08-007;JUNTA DE USUARIOS DEL SECTOR HIDRAULICO MENOR CHIRA – CLASE A;ambas
;MUNICIPALIDAD PROVINCIAL DE SULLANA;ambas
INFBR08-100;"LOCAL ""PIZZA EL TOKE""";edificaciones
INFBR09-001;MARIA MAGDALENA AVILA PANTA;edificaciones
;URBANIZACION POPULAR AMPLIACION NUEVA ESPERANZA;edificaciones
;URBANIZACIÓN POPULAR COLA DE ALACRAN;superficies
;URBANIZACIÓN POPULAR VIRGEN DE GUADALUPE;superficies
INFBR08-093;YAH YAH BOULEVARD;edificaciones
INFBR08-010;BODE PERU - TRABAJOS MULTIPLES E.I.R.L.;edificaciones
INFBR08-056;TOURS GARCES S.A.C.;edificaciones
INFBR08-012;COMPAÑIA HARD DISCOUNT S.A.C.;edificaciones
INFBR09-026 INFBR08-038;DIRECCION SUB REGIONAL DE SALUD LUCIANO CASTILLO COLONNA;edificaciones
INFBR08-107;MUNICIPALIDAD PROVINCIAL DE SULLANA SUB GERENCIA DE PROGRAMAS SOCIALES Y PARTICIPACION VECINAL;edificaciones
INFBR09-020;SERVICIOS MECÁNICOS WILSON - WILSON SIANCAS ARELLANO;edificaciones
INFBR08-094;SANTUM S.A.C.;edificaciones
INFBR08-095;SALON DE BELLEZA UNISEX CORTE Y ESTILO ELBA - MIRELLA DEL ROCIO GIRON CRUZ;edificaciones
INFBR08-060;GRUPO EMPRESARIAL DEL CHIRA S.A.;edificaciones
INFBR08-035;RESTAURANTE CEVICHERIA 20 LUCAS;edificaciones
INFBR09-015;RESTOBAR KASKADAS S.A.C;edificaciones
INFBR08-059;RESTAURANTE VIDEO PUB CAROLINA;edificaciones
INFBR08-073;RESTAURANTE SABORCITO CRIOLLO - JUAN CARLOS SANCHEZ YOVERA;edificaciones
INFBR08-062;RESTAURANTE SALOME - RESTAURANT CEVICHERIA NUEVO SALOME S.R.L;edificaciones
INFBR10-019;WAKA GRILL;edificaciones
INFBR08-066;RESTAURANTE LA JARANA DE PACO;edificaciones
INFBR08-071;RESTAURANTE EL REY TIBURON - VICKY YOVANNY CORDOVA MITMA DE HIDALGO;edificaciones
INFBR08-099;RESTAURANTE DE COMIDA ORIENTAL - CHIFA XANKY - SEGUNDO JOSE SANCHEZ RUIZ;edificaciones
INFBR08-065;RESTAURANTE CEBICHERIA KARIÑO BONITO E.I.R.L.;edificaciones
INFBR08-083;RESTAURANTE CEVICHERIA EL BLANCO;edificaciones
INFBR10-020;RESTAURANTE & PARRILLAS MAUMA;edificaciones
INFBR09-002;RESTAURANTE - DONDE TABO - JAIME GUSTAVO RIVERA AVILA;edificaciones
INFBR08-084;RESTAURAN CEVICHERIA VICKY FORTA S.A.C.;edificaciones
INFBR10-017;ATIPICO RESTOBAR;edificaciones
INFBR08-047;REPRESENTACIONES TALLEDO - GUIDO GERARDO TALLEDO TORRES;edificaciones
BR04-345;VISITAR NUEVAMENTE - BR04-345;edificaciones
INFBR09-016;QUIROGA SAC;edificaciones
INFBR08-089;PROPALOMI E.I.R.L.;edificaciones
INFBR08-020;PROLINE AUTO SPA Y SERVICE - BRENDA LETICIA JIMENEZ GIRON;edificaciones
INFBR08-096;POLLERIA Y HAMBURGUESERIA D TODOT;edificaciones
INFBR10-018;BARBERIA MATEO - JHARRINSON PAUL QUINDE DEL ROSARIO;edificaciones
INFBR08-098;PANIFICADORA MI KIARITA - MIGUEL SUCUPLE SANTISTEBAN;edificaciones
INFBR10-029;PANIFICADORA DIOS ES AMOR;edificaciones
INFBR08-092;NACHOPPS BRASAS - MAXIMO CARLOS RAFAEL CASTRO CHAU;edificaciones
INFBR09-022;MUEBLERIA PAITITI E.I.R.L.;edificaciones
INFBR09-007;MTA CONTRATISTAS GENERALES E.I.R.L.;edificaciones
INFBR09-029;MOTEL ARIES SUIT E.I.R.L.;edificaciones
INFBR08-067;OFICINA DESCONCENTRADA DE CONTROL DEL DISTRITO FISCAL DE SULLANA;edificaciones
INFBR10-002;RESTAURANTE MI CHOCOLATITO - MARIA MAGDALENA AVILA PANTA;edificaciones
INFBR09-012;MABYCORP INCORPORACION S.A.C;edificaciones
INFBR09-021;LUCHO WASH;edificaciones
INFBR08-043;LUBRICENTRO Y CARWASH D&F - FERNANDO ALAIN INCIO FLORES;edificaciones
INFBR10-012;"MOTO REPUESTOS Y SERVICIOS GENERALES ""CARMEN"" - CARMEN CRUZ LEYDI MERCEDES";edificaciones
INFBR10-008;CAR WASH AUTO SPA - LARRY JACKSON ALBURQUEQUE JUAREZ;edificaciones
INFBR08-004;ASOCIACION PERUANA DE LA IGLESIA DE JESUCRISTO DE LOS SANTOS DE LOS ULTIMOS DIAS;edificaciones
INFBR08-082;LA CHOZA ACUSTICA - JORGE ARMANDO CHAVEZ GONZALES;edificaciones
INFBR08-088;LA BARRA DE CORREA - EMILY LIZET CASTILLO ZAPATA;edificaciones
INFBR10-025;KENEST PRESTAMOS AL INSTANTE (AGENTE);edificaciones
INFBR08-003;ESTABLECIMIENTO KARATE;edificaciones
INFBR08-025;JUZGADO DE PAZ DE UNICA NOMINACION DE CORTE SUPERIOR DE SULLANA;edificaciones
INFBR10-021;MERINO MOTORS E.I.R.L. - JULIO ARTEMIO MERINO CALDERON;edificaciones
INFBR10-011;SERVICIO TECNICO ELECTROMECANICA MOTOS;edificaciones
INFBR08-016;INSTITUCION EDUCATIVA PRIVADA SANTA RITA DE CASIA;edificaciones
INFBR08-023;INSTITUCION EDUCATIVA PRIVADA INICIAL - CENTRO DE ESTIMULACION TEMPRANA PLAY SCHOOL;edificaciones
INFBR08-009;EPM # 15030 DIVINO CORAZON DE JESUS;edificaciones
INFBR08-022;INSTITUCION EDUCATIVA INICIAL PRIVADA PASITOS CREATIVOS;edificaciones
INFBR09-031;INKAFARMA - BOTICAS IP S.A.C.;edificaciones
INFBR08-078;IGLESIA EVANGELICA BAUTISTA EBENEZER;edificaciones
INFBR10-016;"IGLESIA EVANGELICA ""JESUS ES EL CAMINO, LA VERDAD Y LA VIDA"" HERMANOS MENONITAS - SULLANA";edificaciones
INFBR09-010;I.E.P. DIVINO REDENTOR E.I.R.L;edificaciones
INFBR10-035;I.E.P. NIÑOS FELICES;edificaciones
INFBR05-104;HOTELES EL CARRUAJE E.I.R.L.;edificaciones
INFBR08-046;HOSPEDAJE VENUS DE NILO - ALEX MILTON AGUIRRE ZAPATA;edificaciones
INFBR08-068;HOSPEDAJE JUANITA II - RAUL MORE NAVARRO;edificaciones
INFBR08-080;HOSPEDAJE HILTONS DRIVE INN EIRL;edificaciones
INFBR08-055;HOSPEDAJE EL NIÑO;edificaciones
INFBR08-028;HOGAR DE ADULTOS MAYORES SAN FRANCISCO DE ASIS;edificaciones
INFBR10-030;ERA ODONTOLOGIA DIGITAL & ODONTO LASER;edificaciones
INFBR09-032;HELADERÍA - CAFETERÍA TJ - LEYDI VIVIANA E.I.R.L.;edificaciones
INFBR08-030;GRIFO AVA - STL 5.0 S.A.C.;edificaciones
INFBR08-081;HOSPEDAJE DEL VIAJERO - GRUPO DEL VIAJERO NORTEÑO S.A.C.;edificaciones
INFBR08-029;GRIFO CT-GAS - CT-GAS RAMIRO PRIALE S.A.C.;edificaciones
INFBR10-026;FULL FITNESS;edificaciones
INFBR08-074;FESTINA SABOR QUE CELEBRA - WILLIAM DENNIS CASTRO ESCUDERO;edificaciones
INFBR10-014;MOTOREPUESTO EVERT - EVER MOLOCHO VASQUEZ;edificaciones
INFBR09-018;ESTACION DE SERVICIOS BYM SAC;edificaciones
INFBR08-063;RESTAURANT CEVICHERIA EL RICO SULLANA DEL CHOPE - FRANKLY ELMER CHAPOÑAN ZAPATA;edificaciones
INFBR10-015;FERRETERIA PANCHITO HNOS S.A.C.;edificaciones
INFBR08-079;EL CHINGUIRITO NORTEÑO;edificaciones
INFBR10-033;ECO PLAZA MERCADO XXVI S.A.C;edificaciones
INFBR09-024 INFBR09-023;DISTRIBUCIONES OLANO S.A.C.;edificaciones
INFBR08-106;DIRECCION REGIONAL DE AGRICULTURA;edificaciones
INFBR08-061;COUNTRY CLUB EL MOLINO;edificaciones
INFBR08-013;COOPERATIVA AGRARIA DE USUARIOS RIO Y VALLE;edificaciones
BR04-342;CONSTRUCTURA ESTRELLA DE BELEM S.A;edificaciones
INFBR09-017;CONSTRUCTORA MPM SAC;edificaciones
INFBR08-001;COLEGIO SANTA URSULA;edificaciones
INFBR09-030;COMERCIALIZADORA DE GAS - MOLERO - CESAR AUGUSTO TAVARA CORDOVA;edificaciones
INFBR08-017;COMERCIAL SANTA MARIA - MARIA ZULEMA CELI BALCAZAR DE GUTIERREZ;edificaciones
INFBR08-050;"COLISEO DE GALLOS ""GRANDIOSO AURORA""";edificaciones
INFBR09-027;GRIFO PRIMAX - COESTI S.A.;edificaciones
INFBR08-102;CHIFA RESTAURANTE MERAKI - JERSSON FARIAS JIMENEZ;edificaciones
INFBR08-104;RESTAURANTE CHANI;edificaciones
INFBR08-011;CEVICHERIA PERUANITA BONITA - JENNY DEL PILAR HIDALGO JIRON;edificaciones
INFBR08-026;CEVICHERIA EL CONDOR E.I.R.L.;edificaciones
INFBR04-343;GAHETANO EXPRESS E.I.R.L.;edificaciones
INFBR09-006;CENTRO RECREACIONAL Y CAMPESTRE LAS MARIAS;edificaciones
INFBR08-036;CENTRO MEDICO VETERINARIO BENAVIDES;edificaciones
INFBR08-005;CENTRO DE ESTIMULACION TEMPRANA MUNDO PEQUES;edificaciones
INFBR08-027;CENTRO DE DIALISIS VITTA DIAL S.A.C.;edificaciones
INFBR10-006;TALLER DE MECÁNICA VALDIVIEZO;edificaciones
INFBR08-042;CAPILLA SANTA ROSA DE LIMA;edificaciones
INFBR08-069;CANCHAS MEGA SPORT - FIRMO GUILLERMO BURGA PUELLES;edificaciones
INFBR09-028;BURGER TRUCK;edificaciones
INFBR08-045;ASOCIACION CASA DEL MAESTRO;edificaciones
INFBR08-021;ACADEMIA ESCOLAR PREUNIVERSITARIA Y UNIVERSITARIA LOS TIGRES;edificaciones
INFBR10-034;RESTAURANTE CHIFA WAN LI;edificaciones
S2-628;DIRECCION REGIONAL DE TRABAJO Y PROMOCION DE EMPLEO;edificaciones
INFBR08-101;ESTABLECIMIENTO DE POLLERIA;edificaciones
S1-705;LA CAJA PERU S.A.C.;edificaciones
INFBR07-447;ADAMARIS ALEXANDRA NUÑEZ ATOCHE;superficies
INFBR09-001;JHONN MARTIN YOVERA GONZAGA;superficies
;URBANIZACIÓN POPULAR AMPLIACION NUEVA ESPERANZA;superficies
;URBANIZACIÓN POPULAR ELIANE KARP;superficies
;URBANIZACION POPULAR LA VIDENITA;superficies
INFBR06-399;JULIO INOÑAN VELASQUES;superficies
INFBR08-075;POSTA MEDICA POLICIAL (POSMEPOL) - UNIDAD EJECUTORA 020:SANIDAD DE LA PNP;superficies
;PROFINOR - PROYECTOS Y FINANZAS DEL NORTE S.A.C.;superficies
;JORGE LUIS LAZO NAVARRO;superficies
;SANTIAGO MERINO PANGALIMA;superficies
;URBANIZACION PRO VIVIENDA LAS CAPULLANAS;superficies
;URBANIZACION POPULAR BELLO HORIZONTE;superficies
;URBANIZACION POPULAR 2 DE SETIEMBRE;superficies
S1-981;RODRIGO FERNANDO TALLEDO BUSTAMANTE PIERO FERNANDO TALLEDO RETO SUSANA CAROL TALLEDO RETO;
;DIRECCION REGIONAL DE VIVIENDA, CONSTRUCCIÓN Y SANEAMIENTO;superficies
S5-020;HOSPEDAJE MARTHAS VIP - AUTOSERVICIOS MARTHA S.C.R.L.;edificaciones
;FLOR DE MARIA FERIA MADRID;
INFBR06-575;VILLA MONTERRICO - INMOBILIARIA Y CONSTRUCTORA EL ANGEL S.A.C;superficies
INFBR08-077;RESTAURANT KAFEINA - INVERSIONES MARGE S.A.C.;edificaciones
INFBR08-037;ELIZABETH ALVARADO MENDOZA;superficies
INFBR08-014;CENTRO ODONTOLOGICO SALVIA;edificaciones
INFBR10-028;CEVICHERIA PICA O NO PICA - ALEXANDRO SOTO JIMENEZ;edificaciones
INFBR08-018;CLANDESTINO RESTOBAR;edificaciones
INFBR10-009;ESTRUCTURAS METALICAS EL SAMBO - SEGUNDO ELIAS VIDAL DEL ROSARIO;edificaciones
